id,total_votes,missed_votes,percent,percentile,first_vote_date,last_vote_date
412188,4490,1027,22.8730512249,99.7752808989,2007-01-04,2012-01-25
400080,25549,4390,17.1826685976,99.5505617978,1965-01-04,2013-01-01
400440,23767,3606,15.1722977237,99.3258426966,1973-03-14,2013-01-01
400350,13430,1772,13.1943410276,99.1011235955,1993-01-05,2013-01-01
400311,14443,1837,12.7189642041,98.8764044944,1976-04-07,2013-01-01
412259,3773,457,12.1123774185,98.6516853933,2008-04-10,2013-01-01
400163,13420,1565,11.6616989568,98.4269662921,1993-01-05,2013-01-01
412461,1606,183,11.3947696139,98.202247191,2011-01-05,2013-01-01
400387,23861,2692,11.2820082981,97.9775280899,1973-01-03,2013-01-01
400409,17962,1987,11.062242512,97.7528089888,1983-01-03,2013-01-01
412216,5137,559,10.8818376484,97.5280898876,2007-01-04,2013-01-01
400333,24430,2426,9.93041342612,97.3033707865,1971-01-21,2013-01-01
400179,10969,1039,9.47214878293,97.0786516854,1997-01-07,2013-01-01
400425,22795,2085,9.14674270673,96.8539325843,1975-01-14,2013-01-01
400392,8015,731,9.1203992514,96.6292134831,2002-02-27,2013-01-01
400003,17995,1571,8.73020283412,96.404494382,1983-01-03,2013-01-01
400170,13431,1142,8.50271759363,96.1797752809,1993-01-05,2013-01-01
412412,1606,135,8.40597758406,95.9550561798,2011-01-05,2013-01-01
400166,10758,901,8.37516266964,95.7303370787,1993-01-05,2011-02-19
400271,10318,849,8.22833882535,95.5056179775,1998-02-11,2013-01-01
400048,13431,1094,8.14533541806,95.2808988764,1993-01-05,2013-01-01
400337,10969,890,8.11377518461,95.0561797753,1997-01-07,2013-01-01
412011,5733,459,8.00627943485,94.8314606742,2005-12-08,2013-01-01
400025,17990,1422,7.90439132852,94.606741573,1983-01-03,2013-01-01
400651,6351,498,7.84128483703,94.3820224719,2005-01-04,2013-01-01
400312,14698,1145,7.79017553409,94.1573033708,1989-01-03,2012-03-06
400422,14363,1110,7.72819048945,93.9325842697,1991-01-03,2013-01-01
400439,24545,1880,7.65940110002,93.7078651685,1971-01-21,2013-01-01
412404,1606,123,7.65877957659,93.4831460674,2011-01-05,2013-01-01
400122,15267,1155,7.56533700138,93.2584269663,1989-01-03,2013-01-01
400110,26695,2012,7.53699194606,93.0337078652,1956-01-31,2013-01-01
400130,12309,926,7.52295068649,92.808988764,1995-01-04,2013-01-01
412433,1606,119,7.4097135741,92.5842696629,2011-01-05,2013-01-01
400278,22816,1689,7.40269985975,92.3595505618,1975-01-14,2013-01-01
412225,5137,379,7.37784699241,92.1348314607,2007-01-04,2013-01-01
400656,6351,467,7.3531727287,91.9101123596,2005-01-04,2013-01-01
400065,7469,546,7.31021555764,91.6853932584,2003-01-07,2012-08-02
412468,1606,117,7.28518057285,91.4606741573,2011-01-05,2013-01-01
400029,7572,550,7.26360274696,91.2359550562,2003-01-07,2013-01-01
400277,9772,701,7.17355710192,91.0112359551,1999-01-06,2013-01-01
400074,8568,607,7.08450046685,90.7865168539,2001-01-03,2013-01-01
400021,13431,938,6.98384334748,90.5617977528,1993-01-05,2013-01-01
400622,6351,432,6.80207841285,90.3370786517,2005-01-04,2013-01-01
400133,13385,892,6.66417631677,90.1123595506,1993-01-05,2012-11-30
400378,16204,1076,6.64033571958,89.8876404494,1987-01-06,2013-01-01
412215,5137,340,6.61864901694,89.6629213483,2007-01-04,2013-01-01
400239,20032,1318,6.57947284345,89.4382022472,1979-01-15,2013-01-01
400178,13431,879,6.54456109002,89.2134831461,1993-01-05,2013-01-01
400240,16202,1052,6.4930255524,88.9887640449,1987-01-06,2013-01-01
400089,8568,544,6.34920634921,88.7640449438,2001-01-03,2013-01-01
400355,7572,472,6.23349181194,88.5393258427,2003-01-07,2013-01-01
400379,10969,677,6.1719391011,88.3146067416,1997-01-07,2013-01-01
400659,6351,384,6.04629192253,88.0898876404,2005-01-04,2013-01-01
400157,10969,655,5.97137387182,87.8651685393,1997-01-07,2013-01-01
400206,14256,849,5.95538720539,87.6404494382,1991-05-22,2013-01-01
400018,17086,1006,5.887861407,87.4157303371,1985-01-03,2013-01-01
400093,10969,643,5.86197465585,87.191011236,1997-01-07,2013-01-01
400291,15267,892,5.84266719067,86.9662921348,1989-01-03,2013-01-01
400008,14363,836,5.8205110353,86.7415730337,1991-01-03,2013-01-01
400356,10969,632,5.76169204121,86.5168539326,1997-01-07,2013-01-01
400162,7572,431,5.69202324353,86.2921348315,2003-01-07,2013-01-01
412382,2404,136,5.65723793677,86.0674157303,2009-11-05,2013-01-01
400211,17981,1002,5.57254880151,85.8426966292,1983-01-03,2013-01-01
412221,5137,286,5.56745182013,85.6179775281,2007-01-04,2013-01-01
400055,17990,1000,5.55864369094,85.393258427,1983-01-03,2013-01-01
400199,12309,683,5.54878544155,85.1685393258,1995-01-04,2013-01-01
400207,8568,470,5.48552754435,84.9438202247,2001-01-03,2013-01-01
400627,6351,348,5.47945205479,84.7191011236,2005-01-04,2013-01-01
412498,1004,55,5.4780876494,84.4943820225,2011-07-19,2013-01-01
400426,8638,472,5.46422783052,84.2696629213,1999-01-06,2011-06-21
412208,5137,279,5.43118551684,84.0449438202,2007-01-04,2013-01-01
400005,8568,459,5.35714285714,83.8202247191,2001-01-03,2013-01-01
412385,2066,110,5.3242981607,83.595505618,2010-04-15,2013-01-01
400283,14363,760,5.29137366845,83.3707865169,1991-01-03,2013-01-01
400315,8568,451,5.26377217554,83.1460674157,2001-01-03,2013-01-01
400233,9782,514,5.25454917195,82.9213483146,1999-01-06,2013-01-01
400314,12796,665,5.19693654267,82.6966292135,1987-06-09,2013-01-01
412426,1606,83,5.16811955168,82.4719101124,2011-01-05,2013-01-01
400616,6491,335,5.16099214297,82.2471910112,2004-07-21,2013-01-01
400144,16202,828,5.11048018763,82.0224719101,1987-01-06,2013-01-01
412200,5137,260,5.06131983648,81.797752809,2007-01-04,2013-01-01
412315,3261,165,5.0597976081,81.5730337079,2009-01-06,2013-01-01
400367,10963,551,5.0259965338,81.3483146067,1997-01-07,2013-01-01
412314,3261,163,4.998466728,81.1235955056,2009-01-06,2013-01-01
400344,15058,745,4.94753619339,80.8988764045,1989-05-17,2013-01-01
400288,12309,604,4.90697863352,80.6741573034,1995-01-04,2013-01-01
400204,13431,656,4.88422306604,80.4494382022,1993-01-05,2013-01-01
400047,10154,493,4.85522946622,80.2247191011,1998-05-21,2013-01-01
400346,10969,529,4.82268210411,80.0,1997-01-07,2013-01-01
400618,6351,306,4.81813887577,79.7752808989,2005-01-04,2013-01-01
412308,3261,156,4.78380864765,79.5505617978,2009-01-06,2013-01-01
400289,13431,642,4.77998659817,79.3258426966,1993-01-05,2013-01-01
400661,6351,302,4.75515666824,79.1011235955,2005-01-04,2013-01-01
412397,1606,76,4.73225404732,78.8764044944,2011-01-05,2013-01-01
400140,18808,880,4.67886005955,78.6516853933,1981-01-05,2013-01-01
412199,5137,237,4.6135876971,78.4269662921,2007-01-04,2013-01-01
400108,7572,349,4.60908610671,78.202247191,2003-01-07,2013-01-01
412419,1606,74,4.60772104608,77.9775280899,2011-01-05,2013-01-01
400641,6351,292,4.59770114943,77.7528089888,2005-01-04,2013-01-01
400109,21611,992,4.59025496275,77.5280898876,1977-01-04,2013-01-01
400038,7572,345,4.55625990491,77.3033707865,2003-01-07,2013-01-01
400251,13431,604,4.49705904251,77.0786516854,1993-01-05,2013-01-01
400039,10230,459,4.48680351906,76.8539325843,1998-04-21,2013-01-01
400623,6351,283,4.45599118249,76.6292134831,2005-01-04,2013-01-01
400046,10969,488,4.44890144954,76.404494382,1997-01-07,2013-01-01
400257,10969,486,4.43066824688,76.1797752809,1997-01-07,2013-01-01
400185,8563,376,4.39098446806,75.9550561798,2001-01-03,2013-01-01
400158,8568,375,4.37675070028,75.7303370787,2001-01-03,2013-01-01
400068,7572,331,4.37136819863,75.2808988764,2003-01-07,2013-01-01
400349,7572,331,4.37136819863,75.2808988764,2003-01-07,2013-01-01
400063,9782,425,4.34471478225,75.0561797753,1999-01-06,2013-01-01
400416,13431,583,4.3407043407,74.8314606742,1993-01-05,2013-01-01
412500,900,39,4.33333333333,74.606741573,2011-09-15,2013-01-01
400309,10969,473,4.31215242957,74.3820224719,1997-01-07,2013-01-01
400101,10969,472,4.30303582824,74.1573033708,1997-01-07,2013-01-01
400436,13431,573,4.2662497208,73.9325842697,1993-01-05,2013-01-01
400262,15266,645,4.2250753308,73.7078651685,1989-01-03,2013-01-01
400570,9165,387,4.22258592471,73.4831460674,1995-01-04,2013-01-01
400114,12309,515,4.18393045739,73.2584269663,1995-01-04,2013-01-01
412398,1606,66,4.1095890411,73.0337078652,2011-01-05,2013-01-01
400033,11225,461,4.10690423163,72.808988764,1996-05-30,2013-01-01
400253,21613,887,4.10401147458,72.5842696629,1977-01-04,2013-01-01
412253,4289,175,4.08020517603,72.3595505618,2007-09-04,2013-01-01
412186,5164,210,4.06661502711,72.1348314607,2006-11-13,2013-01-01
400366,14852,600,4.03985995152,71.9101123596,1990-03-28,2013-01-01
400227,10969,442,4.02953778831,71.6853932584,1997-01-07,2013-01-01
400290,9782,392,4.00736045798,71.4606741573,1999-01-06,2013-01-01
400036,12769,511,4.00187955204,71.2359550562,1991-01-03,2013-01-01
400160,13431,537,3.99821308912,71.0112359551,1993-01-05,2013-01-01
400060,8568,341,3.97992530345,70.7865168539,2001-01-03,2013-01-01
400645,6351,252,3.96787907416,70.5617977528,2005-01-04,2013-01-01
412195,5137,203,3.95172279541,70.3370786517,2007-01-04,2013-01-01
412432,1606,63,3.92278953923,70.1123595506,2011-01-05,2013-01-01
400024,9782,382,3.90513187487,69.8876404494,1999-01-06,2013-01-01
400030,13431,515,3.83441292532,69.6629213483,1993-01-05,2013-01-01
400245,12309,469,3.81022016411,69.4382022472,1995-01-04,2013-01-01
400009,9178,348,3.79167574635,69.2134831461,1999-11-18,2013-01-01
400100,16196,611,3.77253642875,68.9887640449,1987-01-06,2013-01-01
400652,6351,239,3.7631868997,68.7640449438,2005-01-04,2013-01-01
400010,13431,504,3.75251284342,68.5393258427,1993-01-05,2013-01-01
400279,8173,306,3.74403523798,68.3146067416,2001-10-23,2013-01-01
412454,1606,60,3.73599003736,68.0898876404,2011-01-05,2013-01-01
412252,4412,164,3.71713508613,67.8651685393,2007-07-25,2013-01-01
400402,13295,487,3.66303121474,67.6404494382,1993-04-20,2013-01-01
400147,7572,277,3.65821447438,67.4157303371,2003-01-07,2013-01-01
400151,7572,266,3.51294241944,66.9662921348,2003-01-07,2013-01-01
400006,7572,266,3.51294241944,66.9662921348,2003-01-07,2013-01-01
400082,15446,542,3.50899909362,66.7415730337,1988-08-11,2013-01-01
400321,8568,299,3.48972922502,66.5168539326,2001-01-03,2013-01-01
400639,6351,221,3.47976696583,66.2921348315,2005-01-04,2013-01-01
400235,12309,427,3.46900641807,66.0674157303,1995-01-04,2013-01-01
400331,21534,744,3.45500139315,65.8426966292,1977-01-04,2013-01-01
400297,7572,261,3.44690966719,65.6179775281,2003-01-07,2013-01-01
400134,8568,291,3.39635854342,65.393258427,2001-01-03,2013-01-01
400249,8173,277,3.38920836902,65.1685393258,2001-10-23,2013-01-01
412307,3261,110,3.3731984054,64.9438202247,2009-01-06,2013-01-01
400633,6231,210,3.37024554646,64.7191011236,2005-01-04,2012-07-31
400644,6351,214,3.36954810266,64.4943820225,2005-01-04,2013-01-01
412442,1606,54,3.36239103362,64.2696629213,2011-01-05,2013-01-01
400221,13431,449,3.34301243392,64.0449438202,1993-01-05,2013-01-01
400198,11396,376,3.2994032994,63.8202247191,1995-12-15,2012-11-16
400086,8568,282,3.29131652661,63.595505618,2001-01-03,2013-01-01
400042,10969,360,3.28197647917,63.3707865169,1997-01-07,2013-01-01
400196,8568,280,3.26797385621,63.1460674157,2001-01-03,2013-01-01
400121,10969,357,3.25462667518,62.9213483146,1997-01-07,2013-01-01
400176,16206,527,3.25188201901,62.6966292135,1987-01-06,2013-01-01
400209,12309,399,3.24153058738,62.4719101124,1995-01-04,2013-01-01
412480,1606,52,3.23785803238,62.2471910112,2011-01-05,2013-01-01
400660,6351,204,3.21209258385,62.0224719101,2005-01-04,2013-01-01
400087,9782,314,3.20997750971,61.797752809,1999-01-06,2013-01-01
400247,12645,405,3.20284697509,61.5730337079,1994-05-17,2013-01-01
400171,12305,392,3.18569687119,61.3483146067,1995-01-04,2013-01-01
412254,4156,132,3.17613089509,61.1235955056,2007-10-18,2013-01-01
412424,1606,51,3.17559153176,60.6741573034,2011-01-05,2013-01-01
412445,1606,51,3.17559153176,60.6741573034,2011-01-05,2013-01-01
400431,12309,389,3.16028921927,60.4494382022,1995-01-04,2013-01-01
412281,3261,102,3.127874885,60.2247191011,2009-01-06,2013-01-01
400152,9782,303,3.09752606829,60.0,1999-01-06,2013-01-01
400057,13431,416,3.09731218822,59.7752808989,1993-01-05,2013-01-01
412269,3261,101,3.09720944496,59.5505617978,2009-01-06,2013-01-01
400124,13431,413,3.07497580225,59.3258426966,1993-01-05,2013-01-01
400381,16202,496,3.06135045056,59.1011235955,1987-01-06,2013-01-01
412228,5137,157,3.05625851664,58.8764044944,2007-01-04,2013-01-01
400081,13259,405,3.05452899917,58.6516853933,1983-01-03,2013-01-01
412396,1606,49,3.05105853051,58.4269662921,2011-01-05,2013-01-01
400246,15267,465,3.04578502653,58.202247191,1989-01-03,2013-01-01
412258,3813,116,3.04222397063,57.9775280899,2008-03-13,2013-01-01
412010,5898,179,3.03492709393,57.7528089888,2005-09-06,2013-01-01
400076,17095,517,3.02427610412,57.5280898876,1985-01-03,2013-01-01
400352,7572,228,3.01109350238,57.3033707865,2003-01-07,2013-01-01
400183,13431,404,3.00796664433,57.0786516854,1993-01-05,2013-01-01
412211,5137,154,2.99785867238,56.8539325843,2007-01-04,2013-01-01
400640,6351,190,2.9916548575,56.6292134831,2005-01-04,2013-01-01
400376,9782,291,2.97485176855,56.404494382,1999-01-06,2013-01-01
412447,1606,47,2.92652552927,56.1797752809,2011-01-05,2013-01-01
400252,13431,393,2.92606656243,55.9550561798,1993-01-05,2013-01-01
412265,3261,95,2.91321680466,55.7303370787,2009-01-06,2013-01-01
400617,11144,322,2.88944723618,55.5056179775,1979-01-15,2013-01-01
400343,15267,440,2.88203314338,55.2808988764,1989-01-03,2013-01-01
400301,14207,401,2.82255226297,55.0561797753,1991-06-18,2013-01-01
400237,10230,288,2.81524926686,54.8314606742,1998-04-21,2013-01-01
412327,3268,92,2.81517747858,54.606741573,2008-12-10,2013-01-01
400090,11292,317,2.80729720156,54.3820224719,1996-04-25,2013-01-01
400052,7572,211,2.78658214474,54.1573033708,2003-01-07,2013-01-01
412194,5137,143,2.78372591006,53.9325842697,2007-01-04,2013-01-01
412499,900,25,2.77777777778,53.7078651685,2011-09-15,2013-01-01
400373,10969,299,2.72586379798,53.4831460674,1997-01-07,2013-01-01
400259,8568,232,2.70774976657,53.2584269663,2001-01-03,2013-01-01
412392,1700,46,2.70588235294,53.0337078652,2010-11-16,2013-01-01
400195,8568,231,2.69607843137,52.808988764,2001-01-03,2013-01-01
400075,13431,362,2.69525724071,52.5842696629,1993-01-05,2013-01-01
400655,6351,169,2.66099826799,52.3595505618,2005-01-04,2013-01-01
400313,5917,157,2.65337164103,52.1348314607,2003-01-07,2013-01-01
412192,5137,135,2.62799299202,51.6853932584,2007-01-04,2013-01-01
412236,5137,135,2.62799299202,51.6853932584,2007-01-04,2013-01-01
400137,8379,220,2.62561164817,51.4606741573,2001-06-26,2013-01-01
400320,10969,287,2.616464582,51.2359550562,1997-01-07,2013-01-01
400347,13431,351,2.61335715881,51.0112359551,1993-01-05,2013-01-01
400129,13202,342,2.5905165884,50.7865168539,1993-06-16,2013-01-01
400630,6351,164,2.58227050858,50.5617977528,2005-01-04,2013-01-01
412302,3261,84,2.57589696412,50.3370786517,2009-01-06,2013-01-01
412209,5137,132,2.56959314775,50.1123595506,2007-01-04,2013-01-01
400407,10969,281,2.56176497402,49.8876404494,1997-01-07,2013-01-01
412218,3829,97,2.53329851136,49.6629213483,2007-01-04,2011-05-05
400219,13431,340,2.53145707691,49.4382022472,1993-01-05,2013-01-01
412502,278,7,2.51798561151,49.2134831461,2012-06-19,2013-01-01
412478,1606,40,2.49066002491,48.9887640449,2011-01-05,2013-01-01
400636,6351,158,2.48779719729,48.7640449438,2005-01-04,2013-01-01
400267,13431,334,2.48678430497,48.5393258427,1993-01-05,2013-01-01
400031,7572,188,2.48283148442,48.3146067416,2003-01-07,2013-01-01
400165,18811,463,2.46132582,48.0898876404,1981-01-05,2013-01-01
400406,8568,210,2.45098039216,47.8651685393,2001-01-03,2013-01-01
412190,5137,124,2.41386022971,47.6404494382,2007-01-04,2013-01-01
412379,2713,65,2.39587172871,47.4157303371,2009-07-16,2013-01-01
400062,10276,246,2.39392759829,47.191011236,1998-03-17,2013-01-01
412458,1606,38,2.36612702366,46.9662921348,2011-01-05,2013-01-01
400077,7572,177,2.33755942948,46.7415730337,2003-01-07,2013-01-01
400218,10969,256,2.33384994074,46.5168539326,1997-01-07,2013-01-01
400111,12309,287,2.3316272646,46.2921348315,1995-01-04,2013-01-01
400189,18750,436,2.32533333333,46.0674157303,1981-06-04,2013-01-01
400351,9782,227,2.32058883664,45.8426966292,1999-01-06,2013-01-01
400266,10969,254,2.31561673808,45.6179775281,1997-01-07,2013-01-01
400654,6351,147,2.31459612659,45.393258427,2005-01-04,2013-01-01
412435,1606,37,2.30386052304,45.1685393258,2011-01-05,2013-01-01
400638,6351,146,2.29885057471,44.9438202247,2005-01-04,2013-01-01
412202,5137,118,2.29706054117,44.4943820225,2007-01-04,2013-01-01
412239,5137,118,2.29706054117,44.4943820225,2007-01-04,2013-01-01
400348,13431,307,2.28575683121,44.2696629213,1993-01-05,2013-01-01
409888,8446,190,2.24958560265,44.0449438202,2001-05-17,2013-01-01
412456,1606,36,2.24159402242,43.8202247191,2011-01-05,2013-01-01
412421,1606,35,2.17932752179,43.3707865169,2011-01-05,2013-01-01
412423,1606,35,2.17932752179,43.3707865169,2011-01-05,2013-01-01
412294,3261,71,2.17724624348,43.1460674157,2009-01-06,2013-01-01
400260,7364,160,2.17273221076,42.9213483146,2003-01-07,2012-06-29
412226,5137,111,2.16079423788,42.6966292135,2007-01-04,2013-01-01
400340,18805,405,2.15368253124,42.4719101124,1981-01-05,2013-01-01
412270,3261,70,2.14658080343,42.2471910112,2009-01-06,2013-01-01
400647,6351,136,2.1413950559,42.0224719101,2005-01-04,2013-01-01
400380,18811,402,2.13704747222,41.797752809,1981-01-05,2013-01-01
412383,2395,51,2.12943632568,41.5730337079,2009-11-06,2013-01-01
412475,1606,34,2.11706102117,41.3483146067,2011-01-05,2013-01-01
400441,7330,155,2.11459754434,41.1235955056,2003-06-05,2013-01-01
400032,7572,160,2.11304807184,40.6741573034,2003-01-07,2013-01-01
400220,7572,160,2.11304807184,40.6741573034,2003-01-07,2013-01-01
412291,1683,35,2.07961972668,40.4494382022,2009-01-06,2011-02-09
400360,9782,198,2.02412594561,40.2247191011,1999-01-06,2013-01-01
400437,8866,178,2.00766974961,40.0,1999-01-06,2011-08-01
400285,7572,152,2.00739566825,39.7752808989,2003-01-07,2013-01-01
400004,10969,219,1.99653569149,39.5505617978,1997-01-07,2013-01-01
400400,9782,195,1.99345737068,39.3258426966,1999-01-06,2013-01-01
412403,1606,32,1.99252801993,39.1011235955,2011-01-05,2013-01-01
412331,3068,61,1.98826597132,38.8764044944,2009-04-21,2013-01-01
400342,8564,169,1.97337692667,38.6516853933,2001-01-03,2013-01-01
400316,14363,282,1.96337812435,38.4269662921,1991-01-03,2013-01-01
400142,12309,241,1.95791697132,38.202247191,1995-01-04,2013-01-01
412457,1606,31,1.9302615193,37.9775280899,2011-01-05,2013-01-01
400442,6870,132,1.92139737991,37.7528089888,2004-02-24,2013-01-01
412196,5137,97,1.8882616313,37.5280898876,2007-01-04,2013-01-01
400417,17095,322,1.88359169348,37.3033707865,1985-01-03,2013-01-01
400232,8568,161,1.87908496732,37.0786516854,2001-01-03,2013-01-01
400433,8065,151,1.87228766274,36.8539325843,2001-12-19,2013-01-01
412415,1606,30,1.86799501868,36.6292134831,2011-01-05,2013-01-01
400115,18795,351,1.8675179569,36.404494382,1981-01-05,2013-01-01
400363,7572,141,1.86212361331,36.1797752809,2003-01-07,2013-01-01
400424,13431,250,1.86136549773,35.9550561798,1993-01-05,2013-01-01
412506,54,1,1.85185185185,35.7303370787,2012-11-15,2013-01-01
400345,8568,157,1.83239962652,35.5056179775,2001-01-03,2013-01-01
412305,3261,59,1.80926096289,35.2808988764,2009-01-06,2013-01-01
412444,1606,29,1.80572851806,34.606741573,2011-01-05,2013-01-01
412470,1606,29,1.80572851806,34.606741573,2011-01-05,2013-01-01
412476,1606,29,1.80572851806,34.606741573,2011-01-05,2013-01-01
412250,5137,92,1.79092855752,34.3820224719,2007-01-04,2013-01-01
400058,14363,257,1.78931977999,34.1573033708,1991-01-03,2013-01-01
412293,3261,58,1.77859552285,33.9325842697,2009-01-06,2013-01-01
400310,14074,249,1.769219838,33.7078651685,1991-10-03,2013-01-01
412205,5137,90,1.75199532801,33.4831460674,2007-01-04,2013-01-01
412282,3261,57,1.7479300828,33.2584269663,2009-01-06,2013-01-01
400626,6351,111,1.74775625886,33.0337078652,2005-01-04,2013-01-01
412420,1606,28,1.74346201743,32.5842696629,2011-01-05,2013-01-01
412488,1606,28,1.74346201743,32.5842696629,2011-01-05,2013-01-01
400657,6351,110,1.73201070698,32.3595505618,2005-01-04,2013-01-01
400364,13431,229,1.70501079592,32.1348314607,1993-01-05,2013-01-01
412191,5137,87,1.69359548375,31.9101123596,2007-01-04,2013-01-01
400411,7572,126,1.66402535658,31.6853932584,2003-01-07,2013-01-01
400141,7572,125,1.65081880613,31.4606741573,2003-01-07,2013-01-01
400013,9782,161,1.6458801881,31.2359550562,1999-01-06,2013-01-01
400145,7572,124,1.63761225568,31.0112359551,2003-01-07,2013-01-01
412437,1606,26,1.61892901619,30.1123595506,2011-01-05,2013-01-01
412451,1606,26,1.61892901619,30.1123595506,2011-01-05,2013-01-01
412481,1606,26,1.61892901619,30.1123595506,2011-01-05,2013-01-01
412485,1606,26,1.61892901619,30.1123595506,2011-01-05,2013-01-01
400365,20084,322,1.60326628162,29.8876404494,1979-01-15,2013-01-01
400273,13431,215,1.60077432805,29.6629213483,1993-01-05,2013-01-01
400341,7572,119,1.57157950343,29.4382022472,2003-01-07,2013-01-01
400230,8568,133,1.5522875817,29.2134831461,2001-01-03,2013-01-01
400280,7572,117,1.54516640254,28.9887640449,2003-01-07,2013-01-01
400419,9782,151,1.54365160499,28.7640449438,1999-01-06,2013-01-01
412287,3261,50,1.53327200245,28.5393258427,2009-01-06,2013-01-01
400263,10969,167,1.52247242228,28.3146067416,1997-01-07,2013-01-01
400193,10357,156,1.50622767211,28.0898876404,1993-01-05,2012-03-19
412406,1606,24,1.49439601494,27.191011236,2011-01-05,2013-01-01
412469,1606,24,1.49439601494,27.191011236,2011-01-05,2013-01-01
412484,1606,24,1.49439601494,27.191011236,2011-01-05,2013-01-01
412489,1606,24,1.49439601494,27.191011236,2011-01-05,2013-01-01
400019,8778,131,1.49236728184,26.9662921348,1995-01-04,2013-01-01
400326,14864,217,1.45990312164,26.7415730337,1987-01-06,2013-01-01
412213,3482,49,1.40723721999,26.5168539326,2007-01-04,2013-01-01
400097,8568,120,1.40056022409,26.2921348315,2001-01-03,2013-01-01
400388,15267,213,1.39516604441,26.0674157303,1989-01-03,2013-01-01
400175,7572,105,1.38668779715,25.8426966292,2003-01-07,2013-01-01
412410,1606,22,1.3698630137,25.1685393258,2011-01-05,2013-01-01
412411,1606,22,1.3698630137,25.1685393258,2011-01-05,2013-01-01
412479,1606,22,1.3698630137,25.1685393258,2011-01-05,2013-01-01
412255,3976,54,1.35814889336,24.9438202247,2007-12-13,2013-01-01
400628,6351,86,1.35411746182,24.7191011236,2005-01-04,2013-01-01
400308,15267,206,1.34931551713,24.4943820225,1989-01-03,2013-01-01
412261,3684,49,1.33007600434,24.2696629213,2008-05-07,2013-01-01
400276,7572,100,1.3206550449,24.0449438202,2003-01-07,2013-01-01
412487,1606,21,1.30759651308,23.8202247191,2011-01-05,2013-01-01
400653,6351,83,1.30688080617,23.595505618,2005-01-04,2013-01-01
412189,5137,66,1.28479657388,23.3707865169,2007-01-04,2013-01-01
400361,8568,110,1.28384687208,23.1460674157,2001-01-03,2013-01-01
400061,8568,109,1.27217553688,22.9213483146,2001-01-03,2013-01-01
400415,7572,96,1.26782884311,22.6966292135,2003-01-07,2013-01-01
412303,3261,39,1.19595216191,22.4719101124,2009-01-06,2013-01-01
400371,10969,130,1.18515817303,22.2471910112,1997-01-07,2013-01-01
412417,1606,19,1.18306351183,21.797752809,2011-01-05,2013-01-01
412466,1606,19,1.18306351183,21.797752809,2011-01-05,2013-01-01
412271,3261,38,1.16528672186,21.5730337079,2009-01-06,2013-01-01
400184,9782,112,1.14496013085,21.3483146067,1999-01-06,2013-01-01
400403,9782,110,1.12451441423,21.1235955056,1999-01-06,2013-01-01
412393,1691,19,1.12359550562,20.8988764045,2010-11-18,2013-01-01
412401,1606,18,1.12079701121,20.6741573034,2011-01-05,2013-01-01
400116,15267,169,1.10696273007,20.4494382022,1989-01-03,2013-01-01
400646,2814,31,1.10163468372,20.2247191011,2005-01-04,2013-01-01
400318,20007,220,1.0996151347,20.0,1979-02-26,2013-01-01
400435,18809,202,1.07395395821,19.7752808989,1981-01-05,2013-01-01
412311,3261,35,1.07329040172,19.5505617978,2009-01-06,2013-01-01
400103,14363,153,1.06523706747,19.3258426966,1991-01-03,2013-01-01
412443,1606,17,1.05853051059,19.1011235955,2011-01-05,2013-01-01
412212,5137,54,1.05119719681,18.8764044944,2007-01-04,2013-01-01
412263,3525,37,1.04964539007,18.6516853933,2008-06-19,2013-01-01
412284,3261,34,1.04262496167,18.4269662921,2009-01-06,2013-01-01
400238,17999,185,1.02783487972,18.202247191,1983-01-03,2013-01-01
400017,13431,134,0.997691906783,17.9775280899,1993-01-05,2013-01-01
412449,1606,16,0.996264009963,16.8539325843,2011-01-05,2013-01-01
412407,1606,16,0.996264009963,16.8539325843,2011-01-05,2013-01-01
412427,1606,16,0.996264009963,16.8539325843,2011-01-05,2013-01-01
412441,1606,16,0.996264009963,16.8539325843,2011-01-05,2013-01-01
412462,1606,16,0.996264009963,16.8539325843,2011-01-05,2013-01-01
412193,5137,51,0.99279735254,16.6292134831,2007-01-04,2013-01-01
400404,12309,121,0.983020554066,16.404494382,1995-01-04,2013-01-01
412280,3261,32,0.98129408157,16.1797752809,2009-01-06,2013-01-01
412275,3261,31,0.950628641521,15.7303370787,2009-01-06,2013-01-01
412317,3261,31,0.950628641521,15.7303370787,2009-01-06,2013-01-01
400255,8568,81,0.945378151261,15.5056179775,2001-01-03,2013-01-01
400234,12309,112,0.909903322772,15.2808988764,1995-01-04,2013-01-01
412292,3261,29,0.889297761423,15.0561797753,2009-01-06,2013-01-01
412214,5137,45,0.875997664006,14.8314606742,2007-01-04,2013-01-01
412400,1606,14,0.871731008717,13.4831460674,2011-01-05,2013-01-01
412416,1606,14,0.871731008717,13.4831460674,2011-01-05,2013-01-01
412434,1606,14,0.871731008717,13.4831460674,2011-01-05,2013-01-01
412482,1606,14,0.871731008717,13.4831460674,2011-01-05,2013-01-01
412486,1606,14,0.871731008717,13.4831460674,2011-01-05,2013-01-01
412473,1606,14,0.871731008717,13.4831460674,2011-01-05,2013-01-01
412272,3261,28,0.858632321374,13.2584269663,2009-01-06,2013-01-01
400663,6288,52,0.826972010178,13.0337078652,2005-03-10,2013-01-01
412217,5137,42,0.817597819739,12.808988764,2007-01-04,2013-01-01
412436,1606,13,0.809464508095,12.3595505618,2011-01-05,2013-01-01
412452,1606,13,0.809464508095,12.3595505618,2011-01-05,2013-01-01
412386,1985,16,0.80604534005,12.1348314607,2010-05-20,2013-01-01
412283,3261,25,0.766636001227,11.9101123596,2009-01-06,2013-01-01
412394,1606,12,0.747198007472,11.4606741573,2011-01-05,2013-01-01
412395,1606,12,0.747198007472,11.4606741573,2011-01-05,2013-01-01
412278,3261,24,0.735970561178,11.2359550562,2009-01-06,2013-01-01
412309,3261,23,0.705305121128,11.0112359551,2009-01-06,2013-01-01
400027,9782,68,0.69515436516,10.7865168539,1999-01-06,2013-01-01
400071,10654,74,0.694574807584,10.5617977528,1995-01-04,2013-01-01
412399,1606,11,0.684931506849,9.88764044944,2011-01-05,2013-01-01
412409,1606,11,0.684931506849,9.88764044944,2011-01-05,2013-01-01
412418,1606,11,0.684931506849,9.88764044944,2011-01-05,2013-01-01
400154,13431,91,0.677537041173,9.66292134831,1993-01-05,2013-01-01
400274,7572,51,0.6735340729,9.43820224719,2003-01-07,2013-01-01
400224,7572,49,0.647120972002,9.21348314607,2003-01-07,2013-01-01
412440,1606,10,0.622665006227,8.08988764045,2011-01-05,2013-01-01
412428,1606,10,0.622665006227,8.08988764045,2011-01-05,2013-01-01
412471,1606,10,0.622665006227,8.08988764045,2011-01-05,2013-01-01
412472,1606,10,0.622665006227,8.08988764045,2011-01-05,2013-01-01
412474,1606,10,0.622665006227,8.08988764045,2011-01-05,2013-01-01
412319,3261,20,0.613308800981,7.86516853933,2009-01-06,2013-01-01
412310,3261,19,0.582643360932,7.6404494382,2009-01-06,2013-01-01
412453,1606,9,0.560398505604,7.19101123596,2011-01-05,2013-01-01
412477,1606,9,0.560398505604,7.19101123596,2011-01-05,2013-01-01
412256,3976,18,0.452716297787,6.96629213483,2007-12-13,2013-01-01
412464,1606,7,0.435865504359,6.51685393258,2011-01-05,2013-01-01
412465,1606,7,0.435865504359,6.51685393258,2011-01-05,2013-01-01
400335,8568,36,0.420168067227,6.29213483146,2001-01-03,2013-01-01
412388,1915,8,0.417754569191,6.06741573034,2010-06-14,2013-01-01
412463,1606,6,0.373599003736,5.39325842697,2011-01-05,2013-01-01
412431,1606,6,0.373599003736,5.39325842697,2011-01-05,2013-01-01
412483,1606,6,0.373599003736,5.39325842697,2011-01-05,2013-01-01
412295,3261,11,0.33731984054,5.16853932584,2009-01-06,2013-01-01
400648,6351,20,0.314911037632,4.94382022472,2005-01-04,2013-01-01
412413,1606,5,0.311332503113,4.04494382022,2011-01-05,2013-01-01
412430,1606,5,0.311332503113,4.04494382022,2011-01-05,2013-01-01
412405,1606,5,0.311332503113,4.04494382022,2011-01-05,2013-01-01
412422,1606,5,0.311332503113,4.04494382022,2011-01-05,2013-01-01
412408,1606,4,0.249066002491,3.37078651685,2011-01-05,2013-01-01
412460,1606,4,0.249066002491,3.37078651685,2011-01-05,2013-01-01
412429,1606,4,0.249066002491,3.37078651685,2011-01-05,2013-01-01
400643,6351,15,0.236183278224,3.14606741573,2005-01-04,2013-01-01
412231,5137,11,0.214132762313,2.92134831461,2007-01-04,2013-01-01
400244,12309,26,0.211227557072,2.69662921348,1995-01-04,2013-01-01
400414,16206,32,0.197457731704,2.47191011236,1987-01-06,2013-01-01
412497,1225,2,0.163265306122,2.24719101124,2011-06-01,2013-01-01
400216,21616,27,0.124907475944,2.02247191011,1977-01-04,2013-01-01
412446,1606,1,0.0622665006227,1.79775280899,2011-01-05,2013-01-01
412290,3261,2,0.0613308800981,1.57303370787,2009-01-06,2013-01-01
412402,1606,0,0.0,0.0,2011-01-05,2013-01-01
412414,1606,0,0.0,0.0,2011-01-05,2013-01-01
412438,1606,0,0.0,0.0,2011-01-05,2013-01-01
412501,622,0,0.0,0.0,2012-02-07,2013-01-01
412505,55,0,0.0,0.0,2012-11-15,2013-01-01
412503,55,0,0.0,0.0,2012-11-15,2013-01-01
412504,55,0,0.0,0.0,2012-11-15,2013-01-01
